tweet_id,username,timestamp_utc,content,like_count,retweet_count,reply_count,hashtags,mentions,url,query
2011311135430193325,@SajeevSNair6,2026-01-14T05:35:17.000Z,"#nifty #banknifty #giftnifty

Remember it is for #option

don't confuse it is just time being....",0,0,0,"#nifty,#banknifty,#giftnifty,#option",,https://x.com/SajeevSNair6/status/2011311135430193325,Q1
2011311071232163864,@TheStockGuru999,2026-01-14T05:35:02.000Z,"Not to be missed shares ..

1. MCX
2. M&M
3. BSE
4. TVS MOTORS
5. CEAT
6. CDSL
7. HIND COPPER
8. BHEL

#Nifty #BankNifty #Sensex #StockMarketIndia #StockMarket #Silver",0,0,0,"#Nifty,#BankNifty,#Sensex,#StockMarketIndia,#StockMarket,#Silver",,https://x.com/TheStockGuru999/status/2011311071232163864,Q1
2011311060800979033,@Goldkk4,2026-01-14T05:34:59.000Z,"#gold ki aatma #Nifty mai aayegi kya ?

#Nifty50 #StockMarketIndia",0,0,0,"#gold,#Nifty,#Nifty50,#StockMarketIndia",,https://x.com/Goldkk4/status/2011311060800979033,Q1
2011310935743607039,@PerfectSelectn,2026-01-14T05:34:30.000Z,"200 
#sensex",0,0,0,#sensex,,https://x.com/PerfectSelectn/status/2011310935743607039,Q1
2011310578816725385,@Astrokritesh,2026-01-14T05:33:04.000Z,"#Nifty 25700 call looking good for buy at 149 
@Bijay_reborn
 @deepakshenoy
 @TraderHarneet
 @niftywizard
 

#Nifty50 #StockMarkets #Gold #CrudeOil #silversqueeze #OptionsTrading #StocksToBuy #Stock #stockmarket",0,0,0,"#Nifty,#Nifty50,#StockMarkets,#Gold,#CrudeOil,#silversqueeze,#OptionsTrading,#StocksToBuy,#Stock,#stockmarket","@Bijay_reborn,@deepakshenoy,@TraderHarneet,@niftywizard",https://x.com/Astrokritesh/status/2011310578816725385,Q1
2011310503159820547,@nilesh_tra50734,2026-01-14T05:32:46.000Z,"#sensex 83300 CE 180 TO 340 Target  hit 

Data bullish  
75% return done  

#banknifty #Nifty50 #OptionsTrading #StockMarket #BullMarket #Bulls #bull #trader #TradingStrategy #Nifty500",0,0,0,"#sensex,#banknifty,#Nifty50,#OptionsTrading,#StockMarket,#BullMarket,#Bulls,#bull,#trader,#TradingStrategy,#Nifty500",,https://x.com/nilesh_tra50734/status/2011310503159820547,Q1
2011310379180450165,@nikkhilbk,2026-01-14T05:32:17.000Z,"Nifty 50 Live Update

RES: Mild Resistance
SUP: Strong Support
Bias:  Negative

 Major support is holding but fut and cash are weak so market looks sell on rise till strength returns

#Nifty50 #Intraday #PriceAction",0,0,0,"#Nifty50,#Intraday,#PriceAction",,https://x.com/nikkhilbk/status/2011310379180450165,Q1
2011310285945237881,@MohitSa88438829,2026-01-14T05:31:55.000Z,"#sensex 190 TO 280 

Second TARGET DONE  

CE MOMENT Jackpot banyan 

#Nifty #Nifty50 #niftycrash #NIFTYMETAL #OptionsTrading #optionbuying #tradingstrategy #StockMarketIndia  #TradingSignals",0,0,0,"#sensex,#Nifty,#Nifty50,#niftycrash,#NIFTYMETAL,#OptionsTrading,#optionbuying,#tradingstrategy,#StockMarketIndia,#TradingSignals",,https://x.com/MohitSa88438829/status/2011310285945237881,Q1
2011310142969856490,@FIINKNOWLEDGE,2026-01-14T05:31:21.000Z,"#TradingView 
#scalping 
#sensex expiry high 425, partially booked 
Raised tsl.",0,0,0,"#TradingView,#scalping,#sensex",,https://x.com/FIINKNOWLEDGE/status/2011310142969856490,Q1
2011310024593948921,@algo_pk,2026-01-14T05:30:52.000Z,#Sensex #DoubleOrQuit put did 253. 2X,0,0,0,"#Sensex,#DoubleOrQuit",,https://x.com/algo_pk/status/2011310024593948921,Q1
2011309942293377401,@PerfectSelectn,2026-01-14T05:30:33.000Z,"175 
First target 
#Sensex",0,0,0,#Sensex,,https://x.com/PerfectSelectn/status/2011309942293377401,Q1
2011309882591592860,@marketupdatesss,2026-01-14T05:30:18.000Z,"1 NEW 52W HIGHS on 14-Jan-2026:

 TATASTEEL: ₹188.75

#NSE #Nifty50 #NiftyBank #StockMarket #IndiaMarkets",0,0,0,"#NSE,#Nifty50,#NiftyBank,#StockMarket,#IndiaMarkets",,https://x.com/marketupdatesss/status/2011309882591592860,Q1
2011309751850975702,@RishNifty,2026-01-14T05:29:47.000Z,"Contra positions m in market, Some bullish in #Nifty and Bearish in #Sensex, I'd rather avoid trading now.
Let's see after 1-2pm.",0,0,0,"#Nifty,#Sensex",,https://x.com/RishNifty/status/2011309751850975702,Q1
2011311997116412396,@neil_2410,2026-01-14T05:38:43.000Z,"Nifty fu cmp 25790, we did 25716, didn't break the low of opening. Expect nifty fu to attempt the day high and fail.",0,0,0,,,https://x.com/neil_2410/status/2011311997116412396,Q2
2011311972206477519,@tribetvbangla,2026-01-14T05:38:37.000Z,"সপ্তাহের দ্বিতীয় দিনে ধাক্কা খেল দুই সূচক, পতন দুই বড় সংস্থার স্টকের
#SensexandNifty #IndianShareMarket #StockFinance #ShareMarketDown",0,0,0,"#SensexandNifty,#IndianShareMarket,#StockFinance,#ShareMarketDown",,https://x.com/tribetvbangla/status/2011311972206477519,Q2
2011311889553531097,@firozkh251,2026-01-14T05:38:17.000Z,"14 January ,  
Intraday term trading opening now 12.00 pm with SL.indicated spot price intraday term trading signal. Resistance price 25760 below 
 price now  25714 . Trade below 25561 . Break down level 25646 and  25600. NIFTY  spot price for trade, support  wait for Trade SELL",0,0,0,,,https://x.com/firozkh251/status/2011311889553531097,Q2
2011311883769561218,@MyChartsin,2026-01-14T05:38:16.000Z,"#Nifty Spot
One more scalping of 70++ Points 

PCR near 0.80
5 strike PCR near 1.11

#StockMarketIndia #niftyfuture #NiftyOptions",0,0,0,"#Nifty,#StockMarketIndia,#niftyfuture,#NiftyOptions",,https://x.com/MyChartsin/status/2011311883769561218,Q2
2011311865230770325,@SagarPurohit06,2026-01-14T05:38:11.000Z,"Realty down 1.5%, IT slips 0.6% on Nifty; classic sector rotation into metals (+1.2%) and energy. 

#SectorRotation",0,0,0,#SectorRotation,,https://x.com/SagarPurohit06/status/2011311865230770325,Q2
2011312630397596013,@Sunfibcapital,2026-01-14T05:41:14.000Z,Sensex expiry set up,0,0,0,,,https://x.com/Sunfibcapital/status/2011312630397596013,Q3
2011312150896337317,@rohankhokar,2026-01-14T05:39:19.000Z,"This is my options chain layout (Sensibull)
Simple. Clean. Focused.

Intrinsic Value + Time Value = LTP

Trading improves when clutter disappears 

#Nifty #NiftyBank #OptionsTrading #OptionChain #NiftyOptions 

#sensibull #shoonya #zerodha #dhan #fyers #angelone #kotakneo",1,0,0,"#Nifty,#NiftyBank,#OptionsTrading,#OptionChain,#NiftyOptions,#sensibull,#shoonya,#zerodha,#dhan,#fyers,#angelone,#kotakneo",,https://x.com/rohankhokar/status/2011312150896337317,Q3
2011311635949072536,@talkstock365,2026-01-14T05:37:17.000Z,"Options premium price rigging happening in ITC shares option chain using implied volatility & vega parameters.
@SEBI_India
 @SEBI_updates
@FinMinIndia
 @NSEIndia
 @BSEIndia
#ITC #Nifty #Nifty50",0,0,0,"#ITC,#Nifty,#Nifty50","@SEBI_India,@SEBI_updates,@FinMinIndia,@NSEIndia,@BSEIndia",https://x.com/talkstock365/status/2011311635949072536,Q3
2011311628034379795,@price_action_NS,2026-01-14T05:37:15.000Z,"Even-though Nifty smallcap index is moving as per expectation there is no meaningful strength in stocks......

            Expecting reversal from 17450-17500 levels......

#stocks",1,0,0,#stocks,,https://x.com/price_action_NS/status/2011311628034379795,Q4
2011311584736657861,@SagarPurohit06,2026-01-14T05:37:04.000Z,"Markets open soft: Sensex dips ~100 pts near 83,500, Nifty below 25,750 amid profit booking. 

Metals hold the line! 

#StockMarket #Nifty50",0,0,0,"#StockMarket,#Nifty50",,https://x.com/SagarPurohit06/status/2011311584736657861,Q4
2011311270356771206,@InvGurInd,2026-01-14T05:35:49.000Z,"NLC India soars on signing MoU with Government of Gujarat
investmentguruindia.com/newsdetail/nlc
…

#StockMarket #MiningSector #Government #Gujarat #MemorandumOfUnderstanding 
@nlcindialimited
 #Investmentguruindia",0,0,0,"#StockMarket,#MiningSector,#Government,#Gujarat,#MemorandumOfUnderstanding,#Investmentguruindia",@nlcindialimited,https://x.com/InvGurInd/status/2011311270356771206,Q4
2011310197575467029,@Apsrana2601,2026-01-14T05:31:34.000Z,#Nifty50 #india #trading #Nifty50 #sensex #StockMarketIndia #,0,0,0,"#Nifty50,#india,#trading,#Nifty50,#sensex,#StockMarketIndia",,https://x.com/Apsrana2601/status/2011310197575467029,Q4
2011310026716299440,@ZeeBusiness,2026-01-14T05:30:53.000Z,"Trading Tips | महिला दर्शकों के लिए खास पेशकश- 'LADIES SPECIAL'

पैसा बनाना है तो देखें आपके फायदे वाला ये खास शो

आपके निवेश से जुड़े हर सवाल के जवाब

कॉल करें 022-23001635 पर WhatsApp करें 9582222666 पर

देखें 
@rainaswati
 के साथ.. 

#StockMarket #Nifty",1,0,0,"#StockMarket,#Nifty",@rainaswati,https://x.com/ZeeBusiness/status/2011310026716299440,Q4
